Date,High,Low,Close
19-03-2020,348.51001,316.820007,332.029999
20-03-2020,350.48999,332,332.829987
23-03-2020,366.109985,340.880005,360.269989
24-03-2020,372.929993,353.029999,357.320007
25-03-2020,362,339.170013,342.390015
26-03-2020,363.839996,341.730011,362.98999
27-03-2020,368.559998,353,357.119995
30-03-2020,377.799988,361.170013,370.959991
31-03-2020,383.01001,366.440002,375.5
01-04-2020,380.230011,361.019989,364.079987
02-04-2020,370.98999,360.059998,370.079987
03-04-2020,370.899994,357.51001,361.76001
06-04-2020,380.290009,361.709991,379.959991
07-04-2020,381.329987,369.339996,372.279999
08-04-2020,378.390015,368.309998,371.119995
09-04-2020,372.100006,363.029999,370.720001
13-04-2020,400.51001,367.700012,396.720001
14-04-2020,417.820007,394.850006,413.549988
15-04-2020,434.980011,412.25,426.75
16-04-2020,449.519989,431.609985,439.170013
17-04-2020,432,414.700012,422.959991
20-04-2020,444.48999,430.559998,437.48999
21-04-2020,447,425.600006,433.829987
22-04-2020,433,413,421.420013
23-04-2020,438.410004,419.26001,426.700012
24-04-2020,427.170013,415.880005,424.98999
27-04-2020,429,420.839996,421.380005
28-04-2020,421,402.910004,403.829987
29-04-2020,415.859985,393.600006,411.890015
30-04-2020,424.440002,408,419.850006
01-05-2020,427.970001,411.730011,415.269989
04-05-2020,428.540009,414.869995,428.149994
05-05-2020,431,421.559998,424.679993
06-05-2020,439.769989,426.390015,434.26001
07-05-2020,438.880005,430.660004,436.529999
08-05-2020,442,433.640015,435.549988
11-05-2020,444.890015,435.559998,440.519989
12-05-2020,444.170013,431.359985,431.820007
13-05-2020,447,427.269989,438.269989
14-05-2020,452.380005,432.820007,441.950012
15-05-2020,455,437.51001,454.190002
18-05-2020,456.359985,443.350006,452.579987
19-05-2020,458.970001,450.470001,451.040009
20-05-2020,455.809998,444,447.670013
21-05-2020,448.959991,430.25,436.25
22-05-2020,439.089996,427.179993,429.320007
26-05-2020,428.5,413.140015,414.769989
27-05-2020,420.019989,397.859985,419.890015
28-05-2020,422.369995,411.5,413.440002
29-05-2020,420.299988,411.850006,419.730011
01-06-2020,426.720001,415.980011,425.920013
02-06-2020,427.589996,419.459991,427.309998
03-06-2020,427.100006,418.049988,421.970001
04-06-2020,428.709991,410.029999,414.329987
05-06-2020,420.23999,404.25,419.600006
08-06-2020,420.799988,406.5,419.48999
09-06-2020,434.730011,420.309998,434.049988
10-06-2020,439.690002,430.549988,434.480011
11-06-2020,445.570007,424.160004,425.559998
12-06-2020,434.059998,412.450012,418.070007
15-06-2020,426.48999,415.420013,425.5
16-06-2020,437.959991,425.179993,436.130005
17-06-2020,450.459991,439.220001,447.769989
18-06-2020,452.76001,442.799988,449.869995
19-06-2020,453.970001,445.600006,453.720001
22-06-2020,468.589996,454.209991,468.040009
23-06-2020,474.01001,464.5,466.26001
24-06-2020,472.359985,454,457.850006
25-06-2020,467.01001,454,465.910004
26-06-2020,468.029999,442.23999,443.399994
29-06-2020,447.670013,432.140015,447.23999
30-06-2020,457.589996,447,455.040009
01-07-2020,488.230011,454,485.640015
02-07-2020,492.279999,475.529999,476.890015
06-07-2020,499.5,479.799988,493.809998
07-07-2020,504.820007,490.829987,493.160004
08-07-2020,505.100006,493.809998,502.779999
09-07-2020,510,495.779999,507.76001
10-07-2020,555.880005,511.279999,548.72998
13-07-2020,575.369995,520.960022,525.5
14-07-2020,525.5,490.48999,524.880005
15-07-2020,529,510.179993,523.26001
16-07-2020,535.539978,504.359985,527.390015
17-07-2020,503.589996,484.140015,492.98999
20-07-2020,504.5,484.200012,502.410004
21-07-2020,506.220001,488.609985,490.100006
22-07-2020,497.200012,487.200012,489.820007
23-07-2020,491.899994,472.019989,477.579987
24-07-2020,487.170013,467.540009,480.450012
27-07-2020,496.920013,482.309998,495.649994
28-07-2020,497.790009,487.76001,488.51001
29-07-2020,494.920013,484.130005,484.480011
30-07-2020,488.350006,477.51001,485.799988
31-07-2020,494.799988,484.5,488.880005
03-08-2020,503.089996,490.230011,498.619995
04-08-2020,510.440002,498.649994,509.640015
05-08-2020,510.100006,501.200012,502.109985
06-08-2020,510.820007,498.700012,509.079987
07-08-2020,508.290009,486.679993,494.730011
10-08-2020,497.459991,478.630005,483.380005
11-08-2020,480.920013,466.549988,466.929993
12-08-2020,482.48999,470.179993,475.470001
13-08-2020,484.450012,476.450012,481.329987
14-08-2020,488.329987,480.209991,482.679993
17-08-2020,486.23999,479.100006,482.350006
18-08-2020,495.299988,482.799988,491.869995
19-08-2020,494.5,483.5,484.529999
20-08-2020,498.940002,483.890015,497.899994
21-08-2020,498.130005,490,492.309998
24-08-2020,501,483.160004,488.809998
25-08-2020,492.470001,485.089996,490.579987
26-08-2020,549.039978,492.079987,547.530029
27-08-2020,541,521.25,526.27002
28-08-2020,539,522,523.890015
31-08-2020,531.98999,517.580017,529.559998
01-09-2020,557.390015,532.450012,556.549988
02-09-2020,556.5,537.369995,552.840027
03-09-2020,554,521.320007,525.75
04-09-2020,527.359985,485.980011,516.049988
08-09-2020,522,495,507.019989
09-09-2020,520,492.570007,500.190002
10-09-2020,506.290009,478.839996,480.670013
11-09-2020,493.730011,476.809998,482.029999
14-09-2020,488.98999,471.299988,476.26001
15-09-2020,497.470001,481.630005,495.98999
16-09-2020,504.660004,483.309998,483.859985
17-09-2020,478.399994,463.269989,470.200012
18-09-2020,479.399994,458.600006,469.959991
21-09-2020,487.779999,466.320007,487.350006
22-09-2020,491.820007,479.26001,491.170013
23-09-2020,491.040009,469,470.609985
24-09-2020,477,467.820007,473.079987
25-09-2020,484.869995,468.029999,482.880005
28-09-2020,492,477.880005,490.649994
29-09-2020,496.290009,486.529999,493.480011
30-09-2020,504.630005,489.269989,500.029999
01-10-2020,529.549988,503.600006,527.51001
02-10-2020,526.369995,502.700012,503.059998
05-10-2020,520.98999,501.700012,520.650024
06-10-2020,521.820007,504.160004,505.869995
07-10-2020,536.48999,515.820007,534.659973
08-10-2020,535,524.150024,531.789978
09-10-2020,544.280029,535,539.440002
12-10-2020,551.809998,538.23999,539.809998
13-10-2020,557.650024,537.200012,554.090027
14-10-2020,572.48999,541,541.450012
15-10-2020,551.219971,535.099976,541.940002
16-10-2020,554.330017,530.030029,530.789978
19-10-2020,541.799988,525.380005,530.719971
20-10-2020,533.780029,522.26001,525.419983
21-10-2020,506.850006,488.25,489.049988
22-10-2020,495.140015,482,485.230011
23-10-2020,490.059998,481.350006,488.279999
26-10-2020,496.820007,478.899994,488.23999
27-10-2020,490.48999,482.929993,488.929993
28-10-2020,494,483.279999,486.23999
29-10-2020,513.900024,479.339996,504.209991
30-10-2020,505.880005,472.209991,475.73999
02-11-2020,486.299988,475,484.119995
03-11-2020,495.309998,478.76001,487.220001
04-11-2020,507.730011,493.980011,496.950012
05-11-2020,518.72998,503.450012,513.76001
06-11-2020,515.210022,502.51001,514.72998
09-11-2020,495.850006,467.26001,470.5
10-11-2020,484.600006,463.410004,480.23999
11-11-2020,491.679993,478.26001,490.76001
12-11-2020,496.519989,480.429993,486.769989
13-11-2020,488.940002,477.799988,482.839996
16-11-2020,485.579987,477.299988,479.100006
17-11-2020,487.51001,478.850006,480.630005
18-11-2020,488.609985,477.720001,481.790009
19-11-2020,487.799988,480.470001,484.670013
20-11-2020,494.76001,481.570007,488.23999
23-11-2020,491.149994,475.839996,476.619995
24-11-2020,484.049988,475.890015,482.880005
25-11-2020,486.899994,478.920013,485
27-11-2020,493.25,481.850006,491.359985
30-11-2020,492.549988,481.269989,490.700012
01-12-2020,509.470001,491.980011,504.579987
02-12-2020,506.799988,493.5,503.380005
03-12-2020,508.769989,496.040009,497.519989
04-12-2020,504.5,493.640015,498.309998
07-12-2020,517.76001,497.769989,515.780029
08-12-2020,521.48999,505.549988,512.659973
09-12-2020,514.5,491.290009,493.600006
10-12-2020,503.769989,492.910004,501.089996
11-12-2020,503.339996,494.850006,503.220001
14-12-2020,524.159973,501.179993,522.419983
15-12-2020,524.700012,513.559998,519.780029
16-12-2020,527.380005,517.690002,524.830017
17-12-2020,535.48999,526.440002,532.900024
18-12-2020,536.369995,526.02002,534.450012
21-12-2020,532.619995,521.150024,528.909973
22-12-2020,530.400024,520.5,527.330017
23-12-2020,526.320007,514.200012,514.47998
24-12-2020,519.349976,512.210022,513.969971
28-12-2020,523.659973,507.130005,519.119995
29-12-2020,536.549988,515.47998,530.869995
30-12-2020,533.26001,523.690002,524.590027
31-12-2020,545.5,523.150024,540.72998
04-01-2021,540.799988,515.090027,522.859985
05-01-2021,526.780029,515.890015,520.799988
06-01-2021,513.099976,499.5,500.48999
07-01-2021,516.440002,506.420013,508.890015
08-01-2021,513.23999,504.51001,510.399994
11-01-2021,510.730011,497.950012,499.100006
12-01-2021,501.089996,485.670013,494.25
13-01-2021,512.349976,493.01001,507.790009
14-01-2021,514.5,499.579987,500.859985
15-01-2021,506.320007,495.100006,497.980011
19-01-2021,509.25,493.540009,501.769989
20-01-2021,593.289978,556.859985,586.340027
21-01-2021,588.75,570.400024,579.840027
22-01-2021,583.98999,564.349976,565.169983
25-01-2021,569.75,548.650024,556.780029
26-01-2021,567.98999,554.059998,561.929993
27-01-2021,556.419983,515.72998,523.280029
28-01-2021,553.150024,530.73999,538.599976
29-01-2021,541,530.179993,532.390015
01-02-2021,545.059998,531.72998,539.039978
02-02-2021,555.47998,538.929993,548.159973
03-02-2021,550.47998,538.23999,539.450012
04-02-2021,559.47998,537.51001,552.159973
05-02-2021,554.440002,545.47998,550.789978
08-02-2021,555,543.700012,547.919983
09-02-2021,566,543,559.070007
10-02-2021,566.650024,553.460022,563.590027
11-02-2021,565.929993,554.219971,557.590027
12-02-2021,561.25,550.849976,556.52002
16-02-2021,563.630005,552.72998,557.280029
17-02-2021,555.25,543.030029,551.340027
18-02-2021,550,538.22998,548.219971
19-02-2021,548.98999,538.809998,540.219971
22-02-2021,541.789978,530.789978,533.780029
23-02-2021,548.539978,518.280029,546.150024
24-02-2021,556.849976,539.070007,553.409973
25-02-2021,556.47998,535.75,546.700012
26-02-2021,553.090027,538,538.849976
01-03-2021,552.140015,542,550.640015
02-03-2021,556.98999,546.02002,547.820007
03-03-2021,548.01001,517.809998,520.700012
04-03-2021,531.5,507.679993,511.290009
05-03-2021,517.76001,498.790009,516.390015
08-03-2021,518.840027,492.850006,493.329987
09-03-2021,513.109985,503.820007,506.440002
10-03-2021,518.969971,504.25,504.540009
11-03-2021,530.23999,510.709991,523.059998
12-03-2021,526.51001,506.589996,518.02002
15-03-2021,520.72998,508.029999,520.25
16-03-2021,533.419983,523.210022,524.030029
17-03-2021,528.369995,514.299988,524.440002
18-03-2021,517.900024,503.850006,504.790009
19-03-2021,513.190002,501.630005,512.179993
22-03-2021,529.309998,509.130005,523.109985
23-03-2021,543.119995,529.400024,535.090027
24-03-2021,534.419983,520,520.809998
25-03-2021,518.530029,497,502.859985
26-03-2021,508.720001,496.679993,508.049988
29-03-2021,518,504.399994,513.950012
30-03-2021,514.409973,506.910004,513.390015
31-03-2021,528.130005,515.440002,521.659973
01-04-2021,540.5,527.030029,539.419983
05-04-2021,542.849976,529.22998,540.669983
06-04-2021,554.169983,543.299988,544.530029
07-04-2021,549.640015,541.450012,546.98999
08-04-2021,556.900024,547.570007,554.580017
09-04-2021,556.900024,547.109985,555.309998
12-04-2021,557.97998,549.580017,552.780029
13-04-2021,559.75,550.299988,553.72998
14-04-2021,554.869995,538.530029,540.02002
15-04-2021,553.48999,542.659973,549.219971
16-04-2021,551.97998,539.51001,546.539978
19-04-2021,556.440002,545.530029,554.440002
20-04-2021,563.559998,546.299988,549.570007
21-04-2021,515.460022,503.600006,508.899994
22-04-2021,513.960022,500.549988,508.779999
23-04-2021,509.700012,500.700012,505.549988
26-04-2021,510.480011,503,510.299988
27-04-2021,512.98999,504.579987,505.549988
28-04-2021,508.399994,503.339996,506.519989
29-04-2021,509.290009,499,509
30-04-2021,514.549988,505,513.469971
03-05-2021,518.950012,505.200012,509.109985
04-05-2021,511.630005,496.790009,503.179993
05-05-2021,507.779999,494.630005,496.079987
06-05-2021,499.549988,491.369995,499.549988
07-05-2021,508.549988,501.119995,503.839996
10-05-2021,503.149994,486.109985,486.690002
11-05-2021,497.98999,478.630005,495.079987
12-05-2021,493.540009,482.700012,484.980011
13-05-2021,490.779999,482.709991,486.660004
14-05-2021,494.850006,486.589996,493.369995
17-05-2021,492.709991,482.809998,488.940002
18-05-2021,493.480011,486.190002,486.279999
19-05-2021,488.570007,478.540009,487.700012
20-05-2021,502.700012,488.980011,501.670013
21-05-2021,505.399994,497.26001,497.890015
24-05-2021,504.25,499.51001,502.899994
25-05-2021,506.369995,499.220001,501.339996
26-05-2021,504.140015,500.5,502.359985
27-05-2021,505.100006,498.540009,503.859985
28-05-2021,511.76001,502.529999,502.809998
01-06-2021,505.410004,497.73999,499.079987
02-06-2021,503.220001,495.820007,499.23999
03-06-2021,496.660004,487.25,489.429993
04-06-2021,501.859985,490.950012,494.73999
07-06-2021,496.700012,490.549988,494.660004
08-06-2021,498.820007,489.369995,492.390015
09-06-2021,496.089996,484.649994,485.809998
10-06-2021,490.209991,482.140015,487.269989
11-06-2021,491.410004,487.779999,488.769989
14-06-2021,503.5,486.910004,499.890015
15-06-2021,501.230011,490.399994,491.899994
16-06-2021,496.459991,486.279999,492.410004
17-06-2021,501.799988,490.149994,498.339996
18-06-2021,504.48999,495.23999,500.769989
21-06-2021,502.049988,492.279999,497
22-06-2021,513.549988,495.799988,508.820007
23-06-2021,516.630005,508.200012,512.73999
24-06-2021,520.960022,514.400024,518.059998
25-06-2021,533.059998,525,527.070007
28-06-2021,533.940002,524.559998,533.030029
29-06-2021,536.130005,528.570007,533.5
30-06-2021,534.380005,526.820007,528.210022
01-07-2021,537.039978,525.719971,533.539978
02-07-2021,538.539978,529.390015,533.97998
06-07-2021,542.859985,533,541.640015
07-07-2021,544.640015,531.659973,535.960022
08-07-2021,535.5,529.090027,530.76001
09-07-2021,538.26001,528.580017,535.97998
12-07-2021,540.650024,532.919983,537.309998
13-07-2021,545.330017,535.76001,540.679993
14-07-2021,554.099976,541.01001,547.950012
15-07-2021,557.539978,538.200012,542.950012
16-07-2021,544.059998,527.049988,530.309998
19-07-2021,534.909973,522.23999,532.280029
20-07-2021,536.640015,520.299988,531.049988
21-07-2021,530.98999,505.609985,513.630005
22-07-2021,513.679993,507,511.769989
23-07-2021,517.409973,504.660004,515.409973
26-07-2021,521.130005,509.01001,516.48999
27-07-2021,521.950012,512.049988,518.909973
28-07-2021,524.469971,516.97998,519.299988
29-07-2021,520.780029,513.789978,514.25
30-07-2021,519.789978,510.959991,517.570007
02-08-2021,519.849976,510.51001,515.150024
03-08-2021,515.630005,505.369995,510.820007
04-08-2021,517.97998,510.369995,517.349976
05-08-2021,525.409973,514.02002,524.890015
06-08-2021,526.840027,519.390015,520.549988
09-08-2021,522.669983,517.98999,519.969971
10-08-2021,520.789978,512.969971,515.840027
11-08-2021,519.570007,509.769989,512.400024
12-08-2021,513,507.200012,510.720001
13-08-2021,521.440002,511.51001,515.919983
16-08-2021,523.380005,512.299988,517.919983
17-08-2021,520.789978,514.200012,518.909973
18-08-2021,526.380005,518.650024,521.869995
19-08-2021,548.390015,521.869995,543.710022
20-08-2021,551.390015,539.099976,546.880005
23-08-2021,555.549988,543.73999,553.330017
24-08-2021,555.309998,549.27002,553.409973
25-08-2021,552.840027,545.450012,547.580017
26-08-2021,552.599976,545.900024,550.119995
27-08-2021,564.169983,549.25,558.919983
30-08-2021,567.159973,556.450012,566.179993
31-08-2021,569.47998,561.609985,569.190002
01-09-2021,591,569,582.070007
02-09-2021,598.76001,583.679993,588.549988
03-09-2021,591.880005,583.140015,590.530029
07-09-2021,613.849976,593.98999,606.710022
08-09-2021,615.599976,595.710022,606.049988
09-09-2021,609.440002,596.549988,597.539978
10-09-2021,609.450012,593.669983,598.719971
13-09-2021,598.570007,582.780029,589.289978
14-09-2021,587.280029,575.559998,577.76001
15-09-2021,584.619995,575.369995,582.869995
16-09-2021,587.47998,577.719971,586.5
17-09-2021,590.280029,580.849976,589.349976
20-09-2021,591.530029,568.080017,575.429993
21-09-2021,581.880005,569.369995,573.140015
22-09-2021,595.650024,579.690002,590.650024
23-09-2021,599.320007,589.130005,593.26001
24-09-2021,592.97998,583.640015,592.390015
27-09-2021,593.580017,576.929993,592.640015
28-09-2021,599.539978,580.159973,583.849976
29-09-2021,609.880005,588.01001,599.059998
30-09-2021,619,608.049988,610.340027
01-10-2021,614.98999,597.51001,613.150024
04-10-2021,626.130005,594.679993,603.349976
05-10-2021,640.390015,606.890015,634.809998
06-10-2021,639.869995,626.359985,639.099976
07-10-2021,646.840027,630.450012,631.849976
08-10-2021,643.799988,630.859985,632.659973
11-10-2021,639.419983,626.780029,627.039978
12-10-2021,637.659973,621.98999,624.940002
13-10-2021,632.179993,622.099976,629.76001
14-10-2021,636.880005,626.789978,633.799988
15-10-2021,639.419983,625.159973,628.289978
18-10-2021,638.409973,620.590027,637.969971
19-10-2021,641,632.299988,639
20-10-2021,637.400024,617.150024,625.140015
21-10-2021,654.01001,628.650024,653.159973
22-10-2021,665.460022,651.809998,664.780029
25-10-2021,675.880005,657.070007,671.659973
26-10-2021,676.48999,662.77002,668.52002
27-10-2021,671.409973,661.849976,662.919983
28-10-2021,676.799988,668.030029,674.049988
29-10-2021,690.969971,671.23999,690.309998
01-11-2021,689.969971,676.539978,681.169983
02-11-2021,687.679993,673.820007,677.719971
03-11-2021,689.390015,677.27002,688.289978
04-11-2021,685.940002,665.5,668.400024
05-11-2021,665.640015,645.01001,645.719971
08-11-2021,656,643.789978,651.450012
09-11-2021,660.5,650.52002,655.98999
10-11-2021,660.330017,642.109985,646.909973
11-11-2021,665.820007,649.710022,657.580017
12-11-2021,683.340027,653.820007,682.609985
15-11-2021,685.26001,671.48999,679.330017
16-11-2021,688.359985,676.900024,687.400024
17-11-2021,700.98999,686.090027,691.690002
18-11-2021,691.73999,679.73999,682.02002
19-11-2021,694.159973,675,678.799988
22-11-2021,679.47998,656.469971,659.200012
23-11-2021,666.429993,646.049988,654.059998
24-11-2021,661.440002,651.099976,658.289978
26-11-2021,676.409973,660.669983,665.640015
29-11-2021,667.98999,658.289978,663.840027
30-11-2021,675.380005,640.01001,641.900024
01-12-2021,654.52002,617.070007,617.77002
02-12-2021,625.359985,612.880005,616.469971
03-12-2021,625.5,594,602.130005
06-12-2021,617.289978,601,612.690002
07-12-2021,628.890015,611.400024,625.580017
08-12-2021,632.460022,623.200012,628.080017
09-12-2021,630.23999,610.440002,611
10-12-2021,617.73999,605.880005,611.659973
13-12-2021,612.640015,599.52002,604.559998
14-12-2021,602.289978,588.130005,597.98999
15-12-2021,605.690002,584.51001,605.039978
16-12-2021,602.830017,588,591.059998
17-12-2021,593.25,581.73999,586.72998
20-12-2021,602.880005,584.26001,593.73999
21-12-2021,607.820007,593.859985,604.919983
22-12-2021,614.820007,602.630005,614.23999
23-12-2021,616.880005,607.570007,614.090027
27-12-2021,615,609.25,613.119995
28-12-2021,618.409973,609.690002,610.710022
29-12-2021,613.97998,604.679993,610.539978
30-12-2021,620.609985,611.23999,612.090027
31-12-2021,614.080017,602.049988,602.440002
03-01-2022,609.98999,590.559998,597.369995
04-01-2022,600.409973,581.599976,591.150024
05-01-2022,592.840027,566.880005,567.52002
06-01-2022,563.359985,542.01001,553.289978
07-01-2022,553.429993,538.219971,541.059998
10-01-2022,543.690002,526.320007,539.849976
11-01-2022,543.909973,530.070007,540.840027
12-01-2022,544.27002,532.02002,537.219971
13-01-2022,540.789978,518.26001,519.200012
14-01-2022,538.369995,511.880005,525.690002
18-01-2022,521.75,508.679993,510.799988
19-01-2022,523.210022,510.51001,515.859985
20-01-2022,526.640015,506.929993,508.25
21-01-2022,409.149994,379.98999,397.5
24-01-2022,387.26001,351.459991,387.149994
25-01-2022,387.709991,365.130005,366.420013
26-01-2022,382.660004,356.619995,359.700012
27-01-2022,394.799988,378.100006,386.700012
28-01-2022,387,372.079987,384.359985
31-01-2022,427.700012,398.200012,427.140015
01-02-2022,458.480011,425.540009,457.130005
02-02-2022,451.980011,426.480011,429.480011
03-02-2022,429.26001,404.279999,405.600006
04-02-2022,412.769989,396.640015,410.170013
07-02-2022,412.350006,393.549988,402.100006
08-02-2022,406.609985,395.829987,403.529999
09-02-2022,412.980011,398.790009,412.890015
10-02-2022,408,396.359985,406.269989
11-02-2022,411.609985,387.649994,391.309998
14-02-2022,409.359985,386.890015,396.570007
15-02-2022,409.160004,401.01001,407.459991
16-02-2022,401.559998,390.380005,398.079987
17-02-2022,399.109985,385.700012,386.670013
18-02-2022,402.869995,389.049988,391.290009
22-02-2022,392.420013,373.019989,377.380005
23-02-2022,386,366.660004,367.459991
24-02-2022,390.730011,354.720001,390.029999
25-02-2022,391.290009,375.579987,390.799988
28-02-2022,397.75,382.130005,394.519989
01-03-2022,395,383.709991,386.23999
02-03-2022,389.220001,375.209991,380.029999
03-03-2022,386.119995,364.649994,368.070007
04-03-2022,374.820007,357.170013,361.730011
07-03-2022,362,350.200012,350.26001
08-03-2022,358.859985,340.670013,341.76001
09-03-2022,364.140015,350.51001,358.790009
10-03-2022,367.019989,353.299988,356.769989
11-03-2022,363.359985,340,340.320007
14-03-2022,341.320007,329.820007,331.01001
15-03-2022,345.359985,332.359985,343.75
16-03-2022,359.98999,343.059998,357.529999
17-03-2022,373.309998,354.880005,371.399994
18-03-2022,381.799988,368.470001,380.600006
21-03-2022,381.820007,368.940002,374.589996
22-03-2022,386.660004,366.76001,382.920013
23-03-2022,382.459991,374.48999,374.48999
24-03-2022,379.76001,368.899994,375.709991
25-03-2022,377.640015,366.429993,373.850006
28-03-2022,380.279999,366.730011,378.51001
29-03-2022,396.5,380.329987,391.820007
30-03-2022,392.700012,378.630005,381.470001
31-03-2022,384,373.609985,374.589996
01-04-2022,380.869995,368.5,373.470001
04-04-2022,396.019989,373.130005,391.5
05-04-2022,390,377.309998,380.149994
06-04-2022,376.470001,362.730011,368.350006
07-04-2022,368.540009,353.690002,362.149994
08-04-2022,362.5,354.869995,355.880005
11-04-2022,354.779999,345.200012,348
12-04-2022,359.410004,342.25,344.100006
13-04-2022,352,341.160004,350.429993
14-04-2022,352,339.859985,341.130005
18-04-2022,342.359985,331.619995,337.859985
19-04-2022,351.679993,333.220001,348.609985
20-04-2022,248.699997,212.509995,226.190002
21-04-2022,227.679993,211.520004,218.220001
22-04-2022,226.270004,210.050003,215.520004
25-04-2022,216.660004,204.509995,209.910004
26-04-2022,209.149994,198.279999,198.399994
27-04-2022,200.190002,187.770004,188.539993
28-04-2022,201.479996,185.600006,199.520004
29-04-2022,204.710007,190,190.360001
02-05-2022,200.210007,190.009995,199.460007
03-05-2022,203.199997,194.770004,199.869995
04-05-2022,204.380005,191.009995,204.009995
05-05-2022,200.710007,186,188.320007
06-05-2022,187.210007,175.809998,180.970001
09-05-2022,183.199997,172.300003,173.100006
10-05-2022,181.869995,170.570007,177.660004
11-05-2022,180.919998,165.550003,166.369995
12-05-2022,177.580002,162.710007,174.309998
13-05-2022,187.770004,176.009995,187.639999
16-05-2022,195.889999,185.699997,186.509995
17-05-2022,191.399994,185.169998,190.559998
18-05-2022,187.699997,176.270004,177.190002
19-05-2022,186.300003,175.710007,183.479996
20-05-2022,190.190002,179.770004,186.350006
23-05-2022,187.660004,177.889999,187.440002
24-05-2022,184,177.169998,180.339996
25-05-2022,188.869995,180.169998,187.830002
26-05-2022,192.339996,183.089996,191.399994
27-05-2022,195.25,190.369995,195.190002
31-05-2022,199.949997,190.800003,197.440002
01-06-2022,202.740005,191.660004,192.910004
02-06-2022,205.470001,191.720001,205.089996
03-06-2022,202.949997,198.050003,198.979996
06-06-2022,203.869995,195.380005,197.139999
07-06-2022,199.600006,193,198.610001
08-06-2022,207.380005,197.639999,202.830002
09-06-2022,201.690002,192.539993,192.770004
10-06-2022,185.860001,180.850006,182.940002
13-06-2022,179.089996,168.960007,169.690002
14-06-2022,172.059998,164.279999,167.539993
15-06-2022,183.850006,168.529999,180.110001
16-06-2022,176.270004,171.559998,173.350006
17-06-2022,179.649994,173.339996,175.509995
21-06-2022,178.619995,169.800003,170.910004
22-06-2022,182.820007,170.199997,178.889999
23-06-2022,182.759995,175.869995,181.710007
24-06-2022,191.190002,181.839996,190.850006
27-06-2022,191.779999,182.389999,189.139999
28-06-2022,192.199997,179.369995,179.600006
29-06-2022,180.669998,175.100006,178.360001
30-06-2022,179.449997,170.300003,174.869995
01-07-2022,180.100006,174.270004,179.949997
05-07-2022,185.919998,172.679993,185.880005
06-07-2022,186.220001,180.820007,184.059998
07-07-2022,190.210007,183.5,189.270004
08-07-2022,189.910004,182.75,186.979996
11-07-2022,184.990005,176.889999,177.339996
12-07-2022,179.779999,173.419998,174.449997
13-07-2022,179.179993,169.699997,176.559998
14-07-2022,177.520004,171.820007,174.779999
15-07-2022,189.220001,174.559998,189.110001
18-07-2022,199.669998,189.800003,190.919998
19-07-2022,201.970001,188.399994,201.630005
20-07-2022,216.970001,200.100006,216.440002
21-07-2022,224.320007,211.5,223.880005
22-07-2022,229.350006,218.440002,220.440002
25-07-2022,225.229996,216.350006,218.509995
26-07-2022,219.389999,211.639999,213.910004
27-07-2022,227.779999,214.580002,226.75
28-07-2022,228.100006,219.669998,226.020004
29-07-2022,230.75,222.399994,224.899994
01-08-2022,228.389999,221,226.210007
02-08-2022,228.199997,220.880005,221.419998
03-08-2022,228.100006,222.419998,226.729996
04-08-2022,232.070007,225.050003,229.910004
05-08-2022,228.619995,222.869995,226.779999
08-08-2022,241.960007,226.410004,233.490005
09-08-2022,232.199997,224.649994,229.940002
10-08-2022,244.539993,236.600006,244.110001
11-08-2022,251.619995,241.509995,242.699997
12-08-2022,249.410004,243.759995,249.300003
15-08-2022,251.990005,247.509995,249.110001
16-08-2022,249.289993,244.029999,245.690002
17-08-2022,244.240005,237.559998,241.149994
18-08-2022,246.479996,239.279999,245.169998
19-08-2022,243.289993,235.679993,241.160004
22-08-2022,233.479996,224.589996,226.539993
23-08-2022,229.899994,224.300003,224.550003
24-08-2022,234.100006,223.940002,229.610001
25-08-2022,234.160004,229,233.979996
26-08-2022,236.949997,223.149994,223.279999
29-08-2022,229.869995,221.520004,224.570007
30-08-2022,229.789993,218.740005,220.649994
31-08-2022,233.880005,223.429993,223.559998
01-09-2022,230.369995,219.470001,230.039993
02-09-2022,233.880005,225.039993,226.110001
06-09-2022,226.850006,214.690002,218.389999
07-09-2022,229.330002,218.270004,228.960007
08-09-2022,228.740005,221.300003,227.440002
09-09-2022,234.779999,229.619995,233.570007
12-09-2022,239.490005,233.369995,236.529999
13-09-2022,227.690002,217.720001,218.130005
14-09-2022,228,215.800003,224.119995
15-09-2022,242.289993,229.100006,235.380005
16-09-2022,241.360001,227.830002,240.130005
19-09-2022,245.25,235.75,243.630005
20-09-2022,250.490005,239.660004,242.850006
21-09-2022,248.300003,236.679993,236.869995
22-09-2022,240.5,231.660004,237.050003
23-09-2022,236.449997,221.429993,226.410004
26-09-2022,232.699997,223.009995,224.070007
27-09-2022,230.639999,220.720001,224.360001
28-09-2022,246.649994,227.380005,245.199997
29-09-2022,246.979996,235.679993,239.710007
30-09-2022,242.440002,233.259995,235.440002
03-10-2022,241.539993,232.850006,239.039993
04-10-2022,245.800003,233.25,240.740005
05-10-2022,241.589996,227.380005,236.729996
06-10-2022,244.279999,233.910004,240.020004
07-10-2022,237.330002,224.279999,224.75
10-10-2022,233.830002,224.229996,229.979996
11-10-2022,230.440002,213.699997,214.289993
12-10-2022,223.669998,212.639999,220.869995
13-10-2022,234.470001,211.729996,232.509995
14-10-2022,238.800003,229.509995,230
17-10-2022,249.919998,234.399994,245.100006
18-10-2022,250.369995,237.729996,240.860001
19-10-2022,279.299988,262.660004,272.380005
20-10-2022,278.380005,266.380005,268.160004
21-10-2022,290.75,265.679993,289.570007
24-10-2022,290.48999,280.359985,282.450012
25-10-2022,297.589996,285.549988,291.019989
26-10-2022,305.630005,288.040009,298.619995
27-10-2022,305.209991,294.779999,296.940002
28-10-2022,301.190002,292.290009,295.720001
31-10-2022,297.619995,289.5,291.880005
01-11-2022,299.700012,286.420013,286.75
02-11-2022,287.329987,272.839996,273
03-11-2022,276.290009,268.799988,269.059998
04-11-2022,274.970001,255.320007,260.790009
07-11-2022,261.149994,252.089996,258.600006
08-11-2022,266.079987,256.880005,263.459991
09-11-2022,260.899994,254.220001,254.660004
10-11-2022,275.359985,260.089996,274.970001
11-11-2022,290.660004,271.559998,290.130005
14-11-2022,311,288.190002,299.269989
15-11-2022,312.709991,302.549988,310.200012
16-11-2022,310.48999,303.609985,306.019989
17-11-2022,299.820007,291,295.279999
18-11-2022,298,287,287.980011
21-11-2022,291.869995,282.660004,285.049988
22-11-2022,286.980011,277.339996,286.690002
23-11-2022,292.470001,283.76001,291.5
25-11-2022,289.209991,284.170013,285.540009
28-11-2022,289.549988,280.529999,281.170013
29-11-2022,282.959991,275.940002,280.959991
30-11-2022,308.26001,280.410004,305.529999
01-12-2022,319.799988,303.029999,316.950012
02-12-2022,321.98999,310,320.410004
05-12-2022,322.769989,310.920013,312.589996
06-12-2022,313.220001,303.130005,305.559998
07-12-2022,309.609985,302.100006,308.420013
08-12-2022,312.380005,304.809998,310.26001
09-12-2022,329,319.519989,320.01001
12-12-2022,323.179993,308.850006,315.179993
13-12-2022,332.720001,317.200012,320.339996
14-12-2022,324.709991,314.420013,317.829987
15-12-2022,303.390015,286.549988,290.410004
16-12-2022,294.720001,288.700012,290.709991
19-12-2022,292.25,286.130005,288.299988
20-12-2022,289.279999,280.809998,288.190002
21-12-2022,300.660004,286.5,297.959991
22-12-2022,298.880005,290.809998,297.75
23-12-2022,298.459991,291.910004,294.959991
27-12-2022,293.570007,282.130005,284.170013
28-12-2022,285.190002,273.410004,276.880005
29-12-2022,295.5,281.01001,291.119995
30-12-2022,295.01001,283.220001,294.880005
03-01-2023,298.390015,288.700012,294.950012
04-01-2023,311.140015,295.51001,309.410004
05-01-2023,314.179993,304.549988,309.700012
06-01-2023,316.769989,303.690002,315.549988
09-01-2023,321.700012,313.220001,315.170013
10-01-2023,329.350006,311.070007,327.540009
11-01-2023,328.880005,321.350006,327.26001
12-01-2023,332.950012,323.140015,330.130005
13-01-2023,336.649994,328.890015,332.820007
17-01-2023,332.5,323.600006,326.220001
18-01-2023,330.079987,321.25,326.329987
19-01-2023,324.890015,313.390015,315.779999
20-01-2023,344,332.630005,342.5
23-01-2023,362.25,340.630005,357.420013
24-01-2023,365.649994,355.140015,363.829987
25-01-2023,368.899994,358.5,367.959991
26-01-2023,369.019989,361.700012,364.869995
27-01-2023,365.920013,360.589996,360.769989
30-01-2023,360.950012,352.859985,353.109985
31-01-2023,355.950012,348.709991,353.859985
01-02-2023,365.390015,349.910004,361.98999
02-02-2023,368.320007,358.429993,366.890015
03-02-2023,379.429993,359,365.899994
06-02-2023,368.450012,360.679993,361.480011
07-02-2023,364.179993,354.179993,362.950012
08-02-2023,368.190002,358.309998,366.829987
09-02-2023,373.829987,361.73999,362.5
10-02-2023,362.140015,347.140015,347.359985
13-02-2023,359.700012,344.25,358.570007
14-02-2023,363.75,353.399994,359.959991
15-02-2023,362.880005,354.23999,361.420013
16-02-2023,361.5,350.309998,350.709991
17-02-2023,349,342.440002,347.959991
21-02-2023,344.130005,336.420013,337.5
22-02-2023,341.910004,332.820007,334.880005
23-02-2023,331.279999,314.299988,323.649994
24-02-2023,321.5,314.519989,317.149994
27-02-2023,330,322.119995,323.029999
28-02-2023,327.619995,321.170013,322.130005
01-03-2023,326.600006,312.359985,313.480011
02-03-2023,315.570007,310.380005,311.880005
03-03-2023,317.48999,310.820007,315.179993
06-03-2023,323.299988,311.839996,312.029999
07-03-2023,314.299988,306.619995,308.470001
08-03-2023,311.829987,305.75,311.790009
09-03-2023,312.51001,294.880005,297.779999
10-03-2023,298.790009,289,292.76001
13-03-2023,299.23999,285.329987,293.51001
14-03-2023,297.450012,290.309998,294.940002
15-03-2023,306.309998,292.279999,303.790009
16-03-2023,316.600006,301.709991,310.059998
17-03-2023,310.76001,300,303.5
20-03-2023,307.5,296,305.130005
21-03-2023,307.920013,300.429993,305.790009
22-03-2023,306.450012,293.540009,293.899994
23-03-2023,322.779999,304.140015,320.369995
24-03-2023,331.829987,320.630005,328.390015
27-03-2023,336.440002,324.410004,327.660004
28-03-2023,333.320007,321.279999,323.519989
29-03-2023,332.850006,325.730011,332.029999
30-03-2023,343.290009,335.299988,338.429993
31-03-2023,345.839996,337.200012,345.480011
03-04-2023,348.579987,340.399994,348.279999
04-04-2023,349.799988,343.950012,346.75
05-04-2023,345.429993,336.25,342.350006
06-04-2023,340.480011,332.630005,339.329987
10-04-2023,339.880005,333.359985,338.98999
11-04-2023,347.140015,337.640015,338.209991
12-04-2023,342.799988,330.040009,331.029999
13-04-2023,346.429993,338.75,346.190002
14-04-2023,344.850006,336.410004,338.630005
17-04-2023,338.390015,327.5,332.720001
18-04-2023,337.190002,330.5,333.700012
19-04-2023,325.75,316.100006,323.119995
20-04-2023,331.429993,318.329987,325.350006
21-04-2023,328.290009,319.5,327.980011
24-04-2023,334.660004,326.75,329.019989
25-04-2023,328.660004,321.100006,322.549988
26-04-2023,325.899994,320.470001,321.149994
27-04-2023,327.450012,317.440002,325.850006
28-04-2023,330.809998,324,329.929993
01-05-2023,331.230011,318.089996,324.119995
02-05-2023,326.070007,315.619995,317.549988
03-05-2023,324.619995,315.850006,319.299988
04-05-2023,323.609985,317.950012,320.779999
05-05-2023,324.149994,319.440002,322.76001
08-05-2023,332.559998,322.029999,331.209991
09-05-2023,336.320007,329.73999,332.140015
10-05-2023,337.109985,329.51001,335.420013
11-05-2023,345.470001,331.839996,344.76001
12-05-2023,348.170013,337.359985,339.890015
15-05-2023,341.899994,335.540009,335.890015
16-05-2023,335.170013,331.910004,333.75
17-05-2023,341.380005,329.619995,339.959991
18-05-2023,375.869995,346.369995,371.290009
19-05-2023,369.98999,363.809998,365.359985
22-05-2023,372.01001,362.5,363.01001
23-05-2023,364.170013,354.309998,355.98999
24-05-2023,367.149994,356.630005,364.850006
25-05-2023,367.450012,357.420013,359
26-05-2023,383.76001,356,378.880005
30-05-2023,405.109985,385.790009,392.980011
31-05-2023,396.26001,388.910004,395.230011
01-06-2023,407.519989,393.079987,403.130005
02-06-2023,406.579987,395.899994,400.470001
05-06-2023,413.859985,400.149994,403.540009
06-06-2023,405.119995,396.929993,399.290009
07-06-2023,418.950012,399.230011,399.769989
08-06-2023,409.540009,396.339996,409.369995
09-06-2023,425.899994,414.76001,420.019989
12-06-2023,424.700012,416.570007,423.970001
13-06-2023,437.269989,428.399994,435.730011
14-06-2023,447.329987,433.5,440.859985
15-06-2023,448.649994,439.5,445.269989
16-06-2023,447.51001,430.899994,431.959991
20-06-2023,440,430,434.700012
21-06-2023,434.549988,422.540009,424.450012
22-06-2023,424.709991,418.679993,422.480011
23-06-2023,425.820007,417.730011,424.019989
26-06-2023,430.959991,414.899994,415.940002
27-06-2023,420.880005,411.5,417.079987
28-06-2023,437.290009,422.890015,429.839996
29-06-2023,437.850006,426.149994,428.23999
30-06-2023,444.119995,431.100006,440.48999
03-07-2023,441.549988,431.619995,441.440002
05-07-2023,450.970001,439.619995,445.899994
06-07-2023,442.799988,430.720001,438.839996
07-07-2023,442.329987,435.839996,438.100006
10-07-2023,444.410004,436.820007,441.709991
11-07-2023,440.799988,431.040009,440.209991
12-07-2023,445.410004,437.75,444.049988
13-07-2023,451.670013,441.179993,450.380005
14-07-2023,456.480011,439.700012,441.910004
17-07-2023,456.679993,445.109985,450.049988
18-07-2023,478.149994,448.779999,474.799988
19-07-2023,485,470,477.589996
20-07-2023,448.5,432,437.420013
21-07-2023,438.23999,423.190002,427.5
24-07-2023,428.640015,419.190002,428.369995
25-07-2023,430.880005,426.130005,427.700012
26-07-2023,425.26001,415.589996,422.670013
27-07-2023,427.519989,411.880005,413.170013
28-07-2023,427.470001,413.76001,425.779999
31-07-2023,439.130005,426.299988,438.970001
01-08-2023,445.25,431.399994,438.619995
02-08-2023,435.559998,426.559998,429.700012
03-08-2023,441.929993,427.190002,431
04-08-2023,436.5,426.269989,431.600006
07-08-2023,441.109985,428.910004,440.76001
08-08-2023,443.570007,435.100006,438.299988
09-08-2023,440.619995,427.589996,428.899994
10-08-2023,438.119995,428.690002,429.980011
11-08-2023,430.630005,421.329987,421.660004
14-08-2023,428.850006,418.779999,427.779999
15-08-2023,429.119995,421.040009,423.700012
16-08-2023,424.51001,415.25,415.450012
17-08-2023,415.23999,401.579987,403
18-08-2023,406.519989,398.149994,404.529999
21-08-2023,409.609985,399.5,408.290009
22-08-2023,415.73999,407.399994,413.170013
23-08-2023,437.019989,417.709991,427.549988
24-08-2023,427.589996,406.170013,406.929993
25-08-2023,419.25,407.559998,416.029999
28-08-2023,419.829987,413.269989,418.059998
29-08-2023,432.170013,414.5,429.98999
30-08-2023,438.160004,428.350006,434.670013
31-08-2023,437.149994,431.230011,433.679993
01-09-2023,445.5,435.929993,439.880005
05-09-2023,453.450012,438,448.679993
06-09-2023,451.390015,440.48999,445.76001
07-09-2023,444.600006,436.700012,443.140015
08-09-2023,446.809998,438.850006,442.799988
11-09-2023,449.890015,442.75,445.359985
12-09-2023,445.440002,434.119995,434.690002
13-09-2023,438.399994,410.690002,412.23999
14-09-2023,411.390015,400,400.48999
15-09-2023,404.700012,395.029999,396.940002
18-09-2023,399.470001,392.600006,394.399994
19-09-2023,398.230011,390.25,396.200012
20-09-2023,397.98999,386.119995,386.299988
21-09-2023,395.899994,383.420013,384.149994
22-09-2023,386.880005,378.359985,379.809998
25-09-2023,386.619995,380.809998,384.799988
26-09-2023,384.559998,377.359985,379.25
27-09-2023,384.220001,376.25,377.589996
28-09-2023,378.959991,371.100006,376.359985
29-09-2023,382.579987,375.350006,377.600006
02-10-2023,384.809998,376.799988,380.329987
03-10-2023,394.899994,372.850006,376.75
04-10-2023,380.220001,373.579987,376.899994
05-10-2023,378.600006,367.23999,372.589996
06-10-2023,382.519989,367.769989,381.51001
09-10-2023,387.170013,377.76001,385.950012
10-10-2023,388.700012,372.25,373.320007
11-10-2023,377.809998,365.339996,365.929993
12-10-2023,368.829987,359.049988,361.200012
13-10-2023,358.929993,352.049988,355.679993
16-10-2023,363.079987,354.769989,360.820007
17-10-2023,362.700012,353.890015,355.720001
18-10-2023,354.790009,344.730011,346.190002
19-10-2023,408.950012,392.26001,401.769989
20-10-2023,410.640015,398.01001,400.959991
23-10-2023,407.540009,398.519989,406.839996
24-10-2023,416.690002,408.390015,413.730011
25-10-2023,418.839996,410.109985,411.25
26-10-2023,417.309998,401.540009,403.540009
27-10-2023,410.209991,395.619995,397.869995
30-10-2023,412.820007,399.410004,410.079987
31-10-2023,412.519989,404.630005,411.690002
01-11-2023,420.600006,414.179993,420.190002
02-11-2023,426.690002,417.100006,424.709991
03-11-2023,434.820007,425.529999,432.359985
06-11-2023,435.029999,429.609985,434.73999
07-11-2023,437.640015,431,434.609985
08-11-2023,438.070007,433.679993,436.649994
09-11-2023,440.380005,434.350006,435.149994
10-11-2023,447.480011,435.51001,447.23999
13-11-2023,448.429993,442.600006,444.619995
14-11-2023,454.079987,445.640015,448.649994
15-11-2023,462.75,452.450012,461.940002
16-11-2023,467.279999,459.649994,466.950012
17-11-2023,467.649994,462.76001,465.910004
20-11-2023,476.76001,465.399994,474.470001
21-11-2023,477.019989,471.209991,474.950012
22-11-2023,482.700012,476.559998,478
24-11-2023,480.399994,475.200012,479.559998
27-11-2023,482,475.350006,479.170013
28-11-2023,480.5,475.950012,479
29-11-2023,480.98999,474.48999,477.190002
30-11-2023,478.589996,470.420013,473.970001
01-12-2023,475.230011,464.600006,465.73999
04-12-2023,461.200012,451.200012,453.899994
05-12-2023,456.390015,449.579987,455.149994
06-12-2023,460.5,445.730011,446.730011
07-12-2023,452.890015,448.320007,452
08-12-2023,455.5,450.76001,453.76001
11-12-2023,470.649994,457.209991,459.890015
12-12-2023,465.609985,459.200012,463
13-12-2023,481.25,461.980011,479.980011
14-12-2023,480.76001,464.76001,469.829987
15-12-2023,473,467.299988,472.059998
18-12-2023,492.040009,475.100006,486.119995
19-12-2023,496.140015,484.059998,495.019989
20-12-2023,500.890015,488.390015,489.269989
21-12-2023,494.399994,486.769989,491.609985
22-12-2023,496.019989,485.450012,486.76001
26-12-2023,491.480011,486.380005,491.190002
27-12-2023,494.019989,489.25,491.790009
28-12-2023,492.890015,489.070007,490.51001
29-12-2023,492.230011,481.940002,486.880005
02-01-2024,484.649994,461.859985,468.5
03-01-2024,475.049988,465.769989,470.26001
04-01-2024,480.73999,466.529999,474.670013
05-01-2024,479.549988,471.799988,474.059998
08-01-2024,485.23999,473.649994,485.029999
09-01-2024,485.089996,473.799988,482.089996
10-01-2024,487,472.950012,478.329987
11-01-2024,503.410004,483.820007,492.230011
12-01-2024,500.790009,490.609985,492.160004
16-01-2024,494.149994,478.019989,481.23999
17-01-2024,486.209991,475.26001,480.329987
18-01-2024,485.769989,478.019989,485.309998
19-01-2024,485.670013,476.059998,482.950012
22-01-2024,489.799988,479.899994,485.709991
23-01-2024,498.959991,481.399994,492.190002
24-01-2024,562.5,537.070007,544.869995
25-01-2024,563.460022,548.460022,562
26-01-2024,579.640015,558.429993,570.419983
29-01-2024,578.549988,562.679993,575.789978
30-01-2024,570.880005,560.820007,562.849976
31-01-2024,572.150024,562.039978,564.109985
01-02-2024,572.659973,563.830017,567.51001
02-02-2024,567.799988,562.369995,564.640015
05-02-2024,575.75,557.200012,562.059998
06-02-2024,566.340027,554.369995,555.880005
07-02-2024,567.799988,554.97998,559.299988
08-02-2024,563.700012,555.73999,558.530029
09-02-2024,566,558.099976,561.320007
12-02-2024,568.440002,557,557.849976
13-02-2024,559.200012,549,554.52002
14-02-2024,581.25,564.340027,579.330017
15-02-2024,593.77002,580.320007,593.460022
16-02-2024,597,577.460022,583.950012
20-02-2024,586,569.659973,575.130005
21-02-2024,575.780029,567.320007,573.349976
22-02-2024,590.849976,578.890015,588.469971
23-02-2024,592.429993,579.820007,583.559998
26-02-2024,590.75,583.27002,587.650024
27-02-2024,605.359985,592.330017,601.669983
28-02-2024,598.169983,590.01001,596.47998
29-02-2024,604.52002,595.159973,602.919983
01-03-2024,620.280029,599.5,619.340027
04-03-2024,624.419983,615.080017,615.830017
05-03-2024,610.909973,592,598.5
06-03-2024,607.929993,593.559998,597.690002
07-03-2024,610.530029,595.900024,608.51001
08-03-2024,616.090027,600.840027,604.820007
11-03-2024,611,600.369995,600.929993
12-03-2024,615.299988,596.27002,611.080017
13-03-2024,614.849976,607.210022,609.450012
14-03-2024,620.799988,607.349976,613.01001
15-03-2024,622.919983,603.820007,605.880005
18-03-2024,627.409973,610.450012,618.390015
